ID,section,original,fixed,q3,len_original,len_fixed,len_q3
6UF2,1,MRIDELVPADPRAVSLYTPYYSQANRRRYLPYALSLYQGSSIEGSRAVEGGAPISFVATWTVTPLPADMTRCHLQFNNDAELTYEILLPNHEFLEYLIDMLMGYQRMQKTDFPGAFYRRLLGYDS,MRIDELVPADPRAVSLYTPYYSQANRRRYLPYALSLYQGSSIEGSRAVEGGAPISFVATWTVTPLPADMTRCHLQFNNDAELTYEILLPNHEFLEYLIDMLMGYQRMQKTDFPGAFYRRLLGYDS,CCHHHCCCCCHHHHHHHCCCCCCCCCCCHHHHHHHHHHHHCBBBBBCCCCCCCBBBBBBCCCCCHHHCBBBBBBBBCCBBBBBBBBBBBHHHHHHHHHHHHHHHHHCCCCCCCHHHHHHHHCCCC,125,125,125
6VR4,1,ACKIENIKYKGKEVESKLGSQLIDIFNDLDRAKEEYDKLSSPEFIAKFGDWINDEVERNVNEDGEPLLIQDVRQDSSKHYFFILKNGERFDLLTREFDSFTSPDLTNEIKEITDQLSYYIYNKHFSSDFEQVEGAKLNIQNEISQFVKEGKAPVQAAYNKLQDPDIKDLLDYYDNIEKHSDEFESEIVKFFSEKKLIIKDAELEDVTQEGLNEGLQGGDLVQAFEKNSKDNATANVKLXLSFLPKIDNLTGEPALGDYLNKPVFRSFDSIHSELLEVLSDITTLHVQGEVLDVFSSXYNKIKELADFKKSFKPLLEILDTIDEQKKTEFVQAFYLSKINFYTTTIETLETEDQNNTLTTFKVQNVSNANNPISSKLTEYYTNFKYKILPGGKLNKGKLKDLQSTVTSLLEKTRKENNPKYKSDSDFYEVFEEGVVELXQVFEDLGVDSITFEAXDIFLKQFRFDLPENNAYKIXYQQYQGKLTNLNNLLKDIQSNKINPYKINPFKNYSNLIFNSLAEAENYFIENNNESTIFSNGKTYWNFARPSYISNRINTFKNNPGVLRQLLNTSYGQSSLWAKHLLGEEKNVTGDFVLAGNARESASENRLKSLELSIFNSLQEKDKGAEGNDNGSISIVDQLADKLNKVLRGGTKNGTSIYSTVTPGDKSTLHEIKIDHFIPETISSFSNGTXIFNDKIVNAFTDHFVSEVNRXKEAYQELETLPESKRVVHYHTDARGNVXKDGKLAGNAFKSGHILSELSFDQITQDDNEXLKLYNEDGSPINPKGAVSNEQKILIKQTINKVLNQRIKENIRYFKDQGLVIDTVNKDGNKGFHFHGLDKSIXSEYTDDIQLTEFDISHVVSDFTLNSILASIEYTKLFTGDPANYKNXVDFFKRVPATYTNGTNLRLGLEANDHLFDVAVLENIVKPSAYLKEIGESLKLSDLSEAEKKYILEAYEDVNQTDAQAWITPKRWAFLISRTGKWNSKYQSVYNKILKSESLDA,,CCCCCCCCCCCCCCCCHHHHHHHHHHCCHHHHHHHHHHHCCHHHHHHHCCCCCCCCCCCCCCCCCCCCBBBBCCCCCBBBBBBCCCCCBBBCCCCCCCCCCCCCHHHHHHHHHHHHHHHHHHHHHCCCCCCCCCCCCCHHHHHHHHHHHHHHHHHHHHHHCCCHHHHHHHHHHHHHHHCHHHHHHHHHHHHHHHCCCCCHHHHHHHHHHHHHHCCCHHHCCCHHHCCHHHHCCHHHHHHHHCCBCBCCCCCCBCBCCCCCCBCBCCHHHHHHHHHHHHCCCCCCBBCCBBCCHHHHHHHHHHHHHHHCHHHHHHHHHHHCCCHHHHHHHHHHHCCBBCCBBBBBBBBBBCCCCCCBBBBBBBBBCCCCCCHHHHHHHHHHHHHHHHHCHHHCCCHHHHHHHHHHHHHHHHHHHHHCCCCCCCHHHHHHHHHHHHHHHHHHHHHCCCCCCCHHHHHHHHHCCCCCCCCCCCHHHHHHHHHHHHHHHHHHHHHHHCCCCCCCCCCHHHHCHHHHHHHHHHHHHCCCCCCCCCBBBBCCBBBBCBBCCBHHHHHHHHHHHCCHHHHHHHHCCHHHHCHHHHHHHCCCBCCCCCBCCCHHHHHHHHHHHHHHCBBBBBBBBBBCCBBBBBBCCCCCCHHHHHHHHHHHHHHHHCCCCCBBBBCCCCCCCCCCBBBBBCCCCCCCBBBBBCCBBBBCHHHHHHHHHHHHHHHHHHHHHHHHHHHCCHHHCBCCCCCCCCCCCBBCCBBCCHHHCCCCCCHHHCHHHCCHHHHHHHCCBCCCCCBCCCCCCCCHHHHHHHHHHHHHHHHHHHHHHHHHHHHCCCBBBBBCCCCCBBBBBCCCBHHHHCCCCCCCCBCHHHHHHHHHHHHHHHHHHHHHHHHHHHCCHHHCCCHHHHHHHHHHHHCBCBBCCCCCCCCCCBBBBBBBCCCBBCCCCHHHHHHHHCCCCCCHHHHHHHHHHHCCBBCCCCBBBBCHHHHHHHHHHCCCCCHHHHHHHHHHHCCCCCCC,,,
6VR4,2,SEXKLAAQPLKGVYFGLVNNTPTYLKYSQAVLLPQLVAGTQLQSLADAXNKQDIGESIVLDGVKVGATTPNIVTDENGDILKSISLNPLTLSNADWKLQQDLPVKTIKPTLLGSQIQKNIYSSLTDEATYTIENEAFNGSGXFQAINDTVSAXSNLSIAGLSSELGKDSEGKIDKRKLYDXLEREXLDKGSAINLLKSIQKNLPIEAXPGIKDKLYNIVFSKINSAAVKLKTNGGSFIQLSNFGLDKQTADAKGITWLVEPSDLKPPVIEKDADGKNYIRPGQIFXSHVQIAKLVPDYAKXDSKTLSSXIDPKALRAIGYRIPNQGQSSNDPLQIVGILPEAXGDTIVAYTEIPTKTGSDFDIDKXYVXLPNFKVEHTKKSFKLAKDYIAQNEITVEEXYDELEDHGFNIDDIANGEEVTESAITEAFIKNHILNSNSELEYHNDFVKQHNIDAVNKIDFLGYSEELHKNKSEQLQNRLFDLYWAVLTNEKTYGDLITPIDFPHVKDEIKRVFGDNSKQTGENLKFHDPLYQLKLKFTYAGGKSGVGITANXLVDHNRSKGIDXQFNQYNLGVGHTQNGNTVFDKEYSEELNGTRFKIKDTISAFLNAFVDNAKDPYINDGNFNTYTSSVAFXLIRAGVHPDWIISFIGQPVLRELADFTQRYESKIIPKEDVGKSSFDIIVEKYETINQESYKDAESRAFSLDTLQESIEVGVHGIDLDVLKTFKGFQEQAKRLNESVQLSRFDTNGSGKNILDLIILKNKIKNLYVSEQTQQKGSXXNHFKKYHNNGKITSLGTQVKNTLLFTDDILNNNPSLFLLGSKPIQDLVNSISNNLVDSRGGSRGLLTNEDVGKLFYKEVYKYIXADFAPFKVGDPXAYIKDTIFDLVNYKTEDKQYDSSNFFIENXTVYENSFGITNKNKSVDFQDRLYRSAYDLXXENPELANKXFISSFLXNGFENKLIDIKEYIPYQWFLENDIRSFIESKNTGLKDSSESLRSFEEQ,,HHHHHCCCCBBBBBBBBBCCBBBBBBCBBBBCCHHHHCCBCCHHHHHHHHHCCBBBBBBHHHBBBCCBCCBCCBCCCCCBCCCCCCCCBBBBHHHBBBBBCCCCCCCBBBBCCCCHHHHHHHHCCCCCCBBBCCBBBCHHHHHHHHHHHHHHHHHHHHHHHHHHHCCCCCCCCCHHHHHHHHHHHHHHHCCCHHHHHHHHCCCCHHHCCCCHHHHHHHHHHHHHHHHCCCBBBBBBBBBBCCCCCCCBCCCCCCCBBCCCCCCCCCCBBBBCCCCCBBBBCBBBBBCCHHHHHHCCCCCCCCHHHHHHHBCHHHCBBBBBCCCCCCHHHCBBBBBBBBCCHHHCCBBBCCCCHHHHHCCCCCCCCBBBBBCCBBBBCCHHHHHHHHHHHHHCCCCHHHHHHHCCCCCCCCCCHHHHCCCCCHHHHHHHHHHHCCCCCCCCCHHHHHHHHCCCCCCCBBBBCCCCCCHHHCCHHHHHHHHHHHHHHHHCBHHHHHHHHCCCCCCHHHHHHHHHHCCCCCCCCCCCHHHCHHHHHHHHHHHHCHHHHHHHHHHHHHHHHHCCCCCCBBCCCCCCCCCBBCCBBBCCCCBCCCBCCBCCBHHHHHHHHHHHHHCCCCCCCHHHHCCCCCCHHHHHHHHHHCCCHHHHHHHHCCHHHHHHHHHHHHHCCCCCCCCCCCCCHHHHHHHHHHHHHCCCCCCCCCCCCCHHHHHHHHHCCCCCCHHHHHHHHHHHHHHHHHHHHHHHCCCCCCCCCCCCHHHHHHHHHHHHHHHHHHHCCCCCCBBCHHHHCBBCCBBCHHHHHHHHHHHHHHHHHHHCCCCCCCCCHHHHHHHHHHHHCCBBCCCBBCCCCCCHHHHHHHHHHHHHHHHCCCHHHCCCCHHHHHHHHHHHHHHHHHHHHCCCCCCHHHHCCBBCCCCBBCCCCCCCHHHHHHHHHHHHHHHHHCHHHHHHHHHHHHHHHCCCCCCCCCHHHCCHHHHHHCCHHHHHHHHHHHHHHCCHHHCCHHHH,,,
6VR4,3,FIKNNSDSNILAPKVSQSVIKSIKGIKSKHVFELPINDKTKRYILGATETKEEVLPNYVKVGSDLYRLKAYREKSGVYVRTNKLGFEDPKSFLSIKEYKFGTRTGGNFTGELTKQELVYTNQWVNENITLANGYISADSRTVDNPADKILEQNSLENILFSQNNVV!ACKIENIKYKGKEVESKLGSQLIDIFNDLDRAKEEYDKLSSPEFIAKFGDWINDEVERNVNEDGEPLLIQDVRQDSSKHYFFILKNGERFDLLTREFDSFTSPDLTNEIKEITDQLSYYIYNKHFSSDFEQVEGAKLNIQNEISQFVKEGKAPVQAAYNKLQDPDIKDLLDYYDNIEKHSDEFESEIVKFFSEKKLIIKDAELEDVTQEGLNEGLQGGDLVQAFEKNSKDNATANVKLXLSFLPKIDNLTGEPALGDYLNKPVFRSFDSIHSELLEVLSDITTLHVQGEVLDVFSSXYNKIKELADFKKSFKPLLEILDTIDEQKKTEFVQAFYLSKINFYTTTIETLETEDQNNTLTTFKVQNVSNANNPISSKLTEYYTNFKYKILPGGKLNKGKLKDLQSTVTSLLEKTRKENNPKYKSDSDFYEVFEEGVVELXQVFEDLGVDSITFEAXDIFLKQFRFDLPENNAYKIXYQQYQGKLTNLNNLLKDIQSNKINPYKINPFKNYSNLIFNSLAEAENYFIENNNESTIFSNGKTYWNFARPSYISNRINTFKNNPGVLRQLLNTSYGQSSLWAKHLLGEEKNVTGDFVLAGNARESASENRLKSLELSIFNSLQEKDKGAEGNDNGSISIVDQLADKLNKVLRGGTKNGTSIYSTVTPGDKSTLHEIKIDHFIPETISSFSNGTXIFNDKIVNAFTDHFVSEVNRXKEAYQELETLPESKRVVHYHTDARGNVXKDGKLAGNAFKSGHILSELSFDQITQDDNEXLKLYNEDGSPINPKGAVSNEQKILIKQTINKVLNQRIKENIRYFKDQGLVIDTVNKDGNKGFHF,,HHHHCCCCCCCCCBCCHHHCBCCCCCCCCCBBBBBCCCCCCCCCCBBCCCCCBBCCCBBBBCCBBBBBBBBBCCBBBBBBCCCCCBBBHHHCBBBCCCCCCCCCCCCCCCHHHHHHHHHHHHHHHHCCCHHHCCBBCCCCCCCCCHHHHHHCCCHHHHHHCCCCCCCCCCCCCCCCCCCCCCCHHHHHHHHHHCCHHHHHHHHHHHCCHHHHHHHCCCCCCCCCCCCCCCCCCCCBBBBCCCCCBBBBBBCCCCCBBBCCCCCCCCCCCCCHHHHHHHHHHHHHHHHHHHHHCCCCCCCCCCCCCHHHHHHHHHHHHHHHHHHHHHHCCCHHHHHHHHHHHHHHHCHHHHHHHHHHHHHHHCCCCCHHHHHHHHHHHHHHCCCHHHCCCHHHCCHHHHCCHHHHHHHHCBBCBCCCCCCBCBCCCCCCBCBBCHHHHHHHHHHHHCCCCCCBBCCBBCCHHHHHHHHHHHHHHHCHHHHHHHHHHHCCCHHHHHHHHHHHCCBBCCBBBBBBBBBBCCCCCCBBBBBBBBBCCCCCCHHHHHHHHHHHHHHHHHCCCCCCCHHHHHHHHHHHHHHHHHHHHHCCCCCCCHHHHHHHHHHHHHHHHHHHHHCCCCCCCHHHHHHHHHCCCCCCCCCCCHHHHHHHHHHHHHHHHHHHHHHHCCCCCCCCCCHHHHCHHHHHHHHHHHHHCCCCCCCCCBBBBCCBBBBCBBCCBHHHHHHHHHHHCCHHHHHHHHCCHHHHCHHHHHHHCCCBCCCCCBCCCHHHHHHHHHHHHHHCBBBBBBBBBBCCBBBBBBCCCCCCHHHHHHHHHHHHHHHHCCCCCBBBBCCCCCCCCCCBBBBBCCCCCCCBBBBBCCBBBBCHHHHHHHHHHHHHHHHHHHHHHHHHHHCCHHHCCCCCCCCCCCCCBBCCBBCCHHHCCCCCCHHHCHHHCCHHHHHHHCCBCCCCCBCCCCCCCCHHHHHHHHHHHHHHHHHHHHHHHHHHHHCCCBBBBBCCCCCBBBBB,,,
6VR4,4,HGLDKSIXSEYTDDIQLTEFDISHVVSDFTLNSILASIEYTKLFTGDPANYKNXVDFFKRVPATYTNGTNLRLGLEANDHLFDVAVLENIVKPSAYLKEIGESLKLSDLSEAEKKYILEAYEDVNQTDAQAWITPKRWAFLISRTGKWNSKYQSVYNKILKSESLDASEXKLAAQPLKGVYFGLVNNTPTYLKYSQAVLLPQLVAGTQLQSLADAXNKQDIGESIVLDGVKVGATTPNIVTDENGDILKSISLNPLTLSNADWKLQQDLPVKTIKPTLLGSQIQKNIYSSLTDEATYTIENEAFNGSGXFQAINDTVSAXSNLSIAGLSSELGKDSEGKIDKRKLYDXLEREXLDKGSAINLLKSIQKNLPIEAXPGIKDKLYNIVFSKINSAAVKLKTNGGSFIQLSNFGLDKQTADAKGITWLVEPSDLKPPVIEKDADGKNYIRPGQIFXSHVQIAKLVPDYAKXDSKTLSSXIDPKALRAIGYRIPNQGQSSNDPLQIVGILPEAXGDTIVAYTEIPTKTGSDFDIDKXYVXLPNFKVEHTKKSFKLAKDYIAQNEITVEEXYDELEDHGFNIDDIANGEEVTESAITEAFIKNHILNSNSELEYHNDFVKQHNIDAVNKIDFLGYSEELHKNKSEQLQNRLFDLYWAVLTNEKTYGDLITPIDFPHVKDEIKRVFGDNSKQTGENLKFHDPLYQLKLKFTYAGGKSGVGITANXLVDHNRSKGIDXQFNQYNLGVGHTQNGNTVFDKEYSEELNGTRFKIKDTISAFLNAFVDNAKDPYINDGNFNTYTSSVAFXLIRAGVHPDWIISFIGQPVLRELADFTQRYESKIIPKEDVGKSSFDIIVEKYETINQESYKDAESRAFSLDTLQESIEVGVHGIDLDVLKTFKGFQEQAKRLNESVQLSRFDTNGSGKNILDLIILKNKIKNLYVSEQTQQKGSXXNHFKKYHNNGKITSLGTQVKNTLLFTDDILNNNPSLFLLGSKPIQDLVNSISNN,,CCCBHHHHCCCCCCCCBCHHHHHHHHHHHHHHHHHHHHHHHHHHHCCHHHCCCHHHHHHHHHHHHCBCBCCCCCCCCCCCBBBBBBBCCCBBCCCCHHHHHHHHCCCCCCHHHHHHHHHHHCCBBCCCCBBBBCHHHHHHHHHHCCCCCHHHHHHHHHHHCCCCCCCHHHHHCCCCBBBBBBBBBCCBBBBBBCBBBBCCHHHHCCBCCHHHHHHHHHHCBBBBBBHHHBBBCCCCCBCCBCCCCCBCCCCCCCCBBBBHHHBBBBBCCCCCCCBBBBCCCCHHHHHHHHCCCCCCBBBCCBBBCHHHHHHHHHHHHHHHHHHHHHHHHHHHCCCCCCCCCHHHHHHHHHHHHHHHCCCHHHHHHHHCCCCHHHCCCCHHHHHHHHHHHHHHHHCCCBBBBBBBBBBCCCCCCCBCCCCCCCBBCCCCCCCCCCBBBBCCCCCBBBBCBBBBBCCHHHHHHCCCCCCCCHHHHHHHBCHHHCBBBBBCCCCCCHHHCBBBBBBBBCCHHHCCBBBCCCCHHHHHCCCCCCCCBBBBBCCBBBBCCHHHHHHHHHHHHHHCCCHHHHHHHCCCCHHHHHCCCCCCCCCHHHHHHHHHHHHHCCCCCCCCHHHHHHCCCCCCCCCBBBBCCCCCCHHHCCHHHHHHHHHHHHHHHHCBHHHHHHHHCCCCCCHHHHHHHHHHCCCCCCCCCCCHHHCHHHHHHHHHHHHHHHHHHHHHHHHHHHHHHCCCCCCBBCCCCCCCCCBBCCBBBCCCCBCCCBCCBCCBHHHHHHHHHHHHHCCCCCCCHHHHCCCCCCHHHHHHHHHHCCCHHHHHHHHCCHHHHHHHHHHHHHCCCCCCCCCCCCCHHHHHHHHHHHHHCCCCCCCCCCCCCHHHHHHHHHCCCCCCHHHHHHHHHHHHHHHHHHHHHHHCCCCCCCCCCCCHHHHHHHHHHHHHHHHHHHCCCCCCBBCHHHHCBBCCBBCHHHHHHHHHHHHHHHHHHHCCCCCCCCCHHHHHHHHHHHHC,,,
6VR4,5,LVDSRGGSRGLLTNEDVGKLFYKEVYKYIXADFAPFKVGDPXAYIKDTIFDLVNYKTEDKQYDSSNFFIENXTVYENSFGITNKNKSVDFQDRLYRSAYDLXXENPELANKXFISSFLXNGFENKLIDIKEYIPYQWFLENDIRSFIESKNTGLKDSSESLRSFEEQFIKNNSDSNILAPKVSQSVIKSIKGIKSKHVFELPINDKTKRYILGATETKEEVLPNYVKVGSDLYRLKAYREKSGVYVRTNKLGFEDPKSFLSIKEYKFGTRTGGNFTGELTKQELVYTNQWVNENITLANGYISADSRTVDNPADKILEQNSLENILFSQNNVV,,CBBCCCBBCCCCCCHHHHHHHHHHHHHHHHCCCHHHCCCCHHHHHHHHHHHHHHHHHHHHCCCCCCHHHHCCBBCCCCBBCCCCCCCHHHHHHHHHHHHHHHHHCHHHHHHHHHHHHHHHCCCCCCCCCHHHCCHHHHHHCCHHHHHHHHHHHHHHCCHHHCCHHHHHHHHCCCCCCCCCBCCHHHCBCCCCCCCCCBBBBBCCCCCCCCCCBBBCCCCBBCCCBBBBCCBBBBBBBBBCCBBBBBBCCCCCBBBHHHCBBBCCCCCCCCCCCCCCCHHHHHHHHHHHHHHHHCCCHHHCCBBCCCCCBCCHHHHHHHHCCHHHHHHCCCCCC,,,
6Y4F,1,SIFSYITESTGTPSNATYTYVIERWDPETSGILNPaYGWPVaYVTVNHKHTVNGTGGNPAFQIARIEKLRTLAEVRDVVLKNRSFPIEGQTTHRGPSLNSNQEbVGLFYQPNSSGISPRGKLLPGSLbGIAPPP!E,,CBBBBBBBBBBCCCBBBBBBBBBBBCCCCCCCBCCCCCCCCCBBBBBBBCCCCCCBCCCCBBBBBCCCCCBHHHHHHHHHHHCCCCBBBBBBBBCCCCCHHHCCBBBBBBCCCCCCBCCCBBCCCBBBCCCCCCCC,,,
6YA2,1,DLPNNaLNASSLKbEIKGISTYNVYYQVENNGVIYSaVSDSAEGLEKbDNSLNLPKRFSKVPVIPITKLDNKRHFSVGTKFFISESLTQDNYPITYNSYPTNGTVcLQTVKLSGDdKITKSNFANPYTVSITSPEKIMGYLIKKPGENVEHKVISFSGSASITFTEEMLDGEHNLLdGDKSAKIPKTN!VSDLPNNeLNASSLKfEIKGISTYNVYYQVENNGVIYSeVSDSAEGLEKfDNSLNLPKRFSKVPVIPITKLDNKRHFSVGTKFFISESLTQDNYPITYNSYPTNGTVcLQTVKLSGDgKITKSNFANPYTVSITSPEKIMGYLIKKPGENVEHKVISFSGSASITFTEEMLDGEHNLLgGDKSAKIPKTN!LPNNhLNASSLKiEIKGISTYNVYYQVENNGVIYShVSDSAEGLEKiDNSLNLPKRFSKVPVIPITKLDNKRHFSVGTKFFISES!PTNGTVCLQTVKLSGDjKITKSNFANPYTVSITSPEKIMGYLIKKPGENVEHKVISFSGSASITFTEEMLDGEHNLLjGDKSAKIPKT,,CCCCCCCCCCCCBBBBBBBCCCCBBBBBBBCCBBBBBBBCCCCCCCCCBCCCCCCCCCCCCCBBBCCCHHHHHHHBBBBBBBBBBCCCCCCBBBBBCCBBBBBBBBBBBBBBCCCCBBBCCCCCCCCBBBBBBBBBBBBBBBBCCCCCCCCCCBBBBBBBBBBCCCHHHCCCBBBBBCCBBBBBCCCCCCCCCHHHHCCCCCCBBBBBBBCCCCBBBBBBBCCBBBBBBBCCCCCCCCCBCCCCCCCCCCCCCBBBCCCHHHHHHHBBBBBBBBBBCCCCCCBBBBBCCBBBBBBBBBBBBBBCCCCBBBBCCCCCCCBBBBBCCCCCBBBBBBCCCCCCHHHCBBBCCBBBBBCCHHHCCCCCBBBBCCBBBBCCCCCCCCCCCCCHHHCBBBBBBBCCCCBBBBBBBCCBBBBBBBCCCCCCCCCBCCCCCCCCCCCCCBBBCCCCCCHHHHBBBBBBBBCCCCCCCCCBBBBBBBBCCCCBBBBCCCCCCCCBBBBCCCCCBBBBBBCCCCCCCCCCBBBCCBBBBCCCCCCCCCCCBBBBCCBBBBCCCC,,,
7D2O,1,KPTENNEDFNIVAVASNFATTDLDADRGKLPGKKLPLEVLKEMEANARKAGaTRGbLIcLSHIKdTPKMKKFIPGRdHTYEGDKESAQGGIGEAIVDIPAIPRFKDLEPMEQFIAQVDLcVDbTTGaLKGLANVQeSDLLKKWLPQReATFASKIQGQVDKIKGAGGD,,CCCCCCCCCCCHHHHHHHCCCCCHHHHCCCCCCCCCHHHHHHHHHHHHHHCCCHHHHHHHHCCCCCHHHHHHCCCCCCCCCCCCCCCCCCCCCCCCCBCCBCHHHHCCHHHHHHHHHHHCCCCCHHHHHHHHCCCCCHHHHHHCCCCCCCCCCCCCCCCCCCCCCCCC,,,
7JTL,1,QEaSLQSbTQHQPYVVDDPcPIHFYSKWYIRVGARKSAPLIELdVDE!SKSPIQYIDIGNYTVSdLPFTINbQEPKLGSLVVRcSFYEDFLEYHDVRVVLDFI!QEaSLQSeTQHQPYVVDDPfPIHFYSKWYIRVGARKSAPLIELgVDEA!SPIQYIDIGNYTVSgLPFTINeQEPKLGSLVVRfSFYEDFLEYHDVRVVLDFI,,CCBBBBBBCCCCBBBCCCCCCCCCBBBBBBBBCCBCCCCBBBCCCCCCCCCCCCCCCCCCCBBBBCCBBBBCCCCCCBBBBBBBBCCCCCCCBBBBBBBBBBCCCBBBBBBBCCCCBBBCCCCCCCCCBBBBBBBBCCBCCCCBBBCCCCCCCCCCCCCCCCCCBBBBCCBBBBCCCCCCBBBBBBBBCCCCCCCCBBBBBBBBBC,,,
7K7W,1,HHHGTENLYFQG!ATMAAQSLLSIPVEYRSQVWCRANLPYPPAPQLPIPAVVDILTKASQALPQISFSWTLIDQPPDGSLFLVWQAPTLPSPPDGMHFMSNERFFNMDVAGKVLEIHEAKHGFYPLSETRTMHVRCRYRLLGVGFDNFWLVHYFQGSETDSIPANISVAKPPHLRRYPLPDVKTSPFLLQ,,CCCHHHHHHCCCCCHHHHHHHHCCCHHHCCCCBBBBCCCCCCCCCCCHHHHHHHHHHHHHHHHHCCBBBBCCCCCCCCCBBBBBCCCCCCCCCCCCBBCCCCBBBBBBBCCBBBBBBBBBBBBCCCCCCBCCBBBBBBBBBCCCCCCBBBBBBBBCCCCCCCBCCHHHCBCCCCCCCCCCCCCCCCBCCC,,,
7OC9,1,GNDFVSRLKALDGREGKIVSSYDDENTGRbRLELQKYELEDGSQGLAVYLQDTGMYFTPSAGLDKETKLKDANTAVVSTSSERPGGDAcGDFGGALGYKKVLVLKDNQVTIRETFRcVMDGFKKYDLSTTbQF,,CHHHHHHHHHHCCCBBBBBBBCCCCCCCBBBBBBBBBBCCCCCBBBBBBBBCCCCCCCCBBBBCCCCBBBBCCBBBBBCCCCBCCBBCCBBCCCBBBBBBBBBBBCCBBBBBBBBBBHHHCCBBBBBBBBBBC,,,
7REJ,1,KPTQPLFPLGLETSESSNIKGFNNSGTIEHSPGAVMTFPEDTEVTGLPSSVRYNPDSDEFEGYYENGGWLSLGGGGIRWETLPHAPSSNLLEGRGYLINNTTGTSTVVLPSPTRIGDSVTICDAYGKFATYPLTVSPSGNNLYGSTEDMAITTDNVSATFTWSGPEQGWVITSGVGLGQGRVYSREIFTQILASETSAVTLNTPPTIVDVYADGKRLAESKYSLDGNVITFSPSLPASTELQVIEYTPIQLGN!ITWVYNGGSAIGGETEITLDIVVDDVPAIDINGSRQYKNLGFTFDPLTSKITLAQELDAEDEVVVIINGTP!KPTQPLFPLGLETSESSNIKGFNNSGTIEHSPGAVMTFPEDTEVTGLPSSVRYNPDSDEFEGYYENGGWLSLGGGGIRWETLPHAPSSNLLEGRGYLINNTTGTSTVVLPSPTRIGDSVTICDAYGKFATYPLTVSPSGNNLYGSTEDMAITTDNVSATFTWSGPEQGWVITSGVGLGQGRVYSREIFTQILASETSAVTLNTPPTIVDVYADGKRLAESKYSLDGNVITFSPSLPASTELQVIEYTPIQLG,,CCCCCCCCCCCCCCCCCCCCCCCCCCCCCCCCCCCCCCCBCCCCCCCCCCBBBBCCCCBBBBBBCCCBBBBCCCCCCBBBBCCCCCBBBCCCCBBBBBCCCCCCBBBBCCCCCCCCCBBBBBBCCCCCCCCCBBBBCCCCCBCCBCCCBBBCCCCCBBBBBBCCCCCCBBBBBBBCCCBBBBBBBBBBBBBCCCCBBBBBCCCCCCCBBBBBCCBBCCHHHBBBBCCBBBBBBBBCCCCBBBBBBBBBBBCCCCCBBBCHHHCCCCCCCBBBCCCCCCCCCBBBBCCBBBBBCCCBBBBCCCCBBBBCCCCCCCCCBBBBCCCCCCCCCCCCCCCCCCCCCCCCCCCCCCCCCCCCCCCCCCCCCBCCCCCCCCCCBBBBCCCCBBBBBBCCCBBBBCCCCCCBBBBBCCCCBBBCCCCBBBBBCCCCCCBBBBCCCCCCCCCBBBBBBCCCCCCCCCBBBBCCCCCBCCCCCCBBBCCCCCBBBBBBCCCCCBBBBBBBBCCCBBBBBBBBBBBBBCCCCCCBBBCCCCCCCBBBBBCCBBCCCCCBBBBCCBBBBCCCCCCCCBBBBBBBBBBBCC,,,
